{"cameraMode":{"drawMode":0,"name":"Shaded","section":"Shading Mode"},"sceneLighting":true,"audioPlay":false,"sceneViewState":{"showFog":true,"showMaterialUpdate":false,"showSkybox":true,"showFlares":true,"showImageEffects":true,"showParticleSystems":true},"in2DMode":false,"pivot":{"x":10.73440933227539,"y":-4.272684097290039,"z":18.67595100402832},"rotation":{"x":-0.25745972990989687,"y":-0.16369134187698365,"z":0.044299881905317309,"w":-0.9512949585914612},"size":49.158626556396487,"orthographic":false}