{"cameraMode":{"drawMode":0,"name":"Shaded","section":"Shading Mode"},"sceneLighting":false,"audioPlay":false,"sceneViewState":{"showFog":false,"showMaterialUpdate":false,"showSkybox":false,"showFlares":false,"showImageEffects":false,"showParticleSystems":false},"in2DMode":false,"pivot":{"x":33.36442947387695,"y":12.85109806060791,"z":54.1751594543457},"rotation":{"x":-0.04671749472618103,"y":-0.9312115907669067,"z":0.12875595688819886,"w":-0.3378274142742157},"size":7.249187469482422,"orthographic":false}